year,SALES_REV_TURN,GROSS_MARGIN,IS_OPERATING_EXPENSES_RD,IS_SGA_EXPENSE
2025,8911,0.59849,144.208,1027
2026,9651,0.60185,151.385,1101
2027,10257,0.60791,158.285,1190
