year,SALES_REV_TURN,GROSS_MARGIN
2025,8911,0.59849
2026,9651,0.60185
2027,10257,0.60791
